time;type;message
1717157720.1854522;WARNING;Heading mismatch between vehicle and track grid, check if vehicle oriented correctly!
1717157720.1916027;WARNING;Heading mismatch between vehicle and track grid, check if vehicle oriented correctly!
1717157720.2430031;WARNING;Heading mismatch between vehicle and track grid, check if vehicle oriented correctly!
1717157720.291438;WARNING;Heading mismatch between vehicle and track grid, check if vehicle oriented correctly!
1717157720.343147;WARNING;Heading mismatch between vehicle and track grid, check if vehicle oriented correctly!
1717157720.3927348;WARNING;Heading mismatch between vehicle and track grid, check if vehicle oriented correctly!
1717157720.443105;WARNING;Heading mismatch between vehicle and track grid, check if vehicle oriented correctly!
1717157720.492131;WARNING;Heading mismatch between vehicle and track grid, check if vehicle oriented correctly!
1717157720.5424068;WARNING;Heading mismatch between vehicle and track grid, check if vehicle oriented correctly!
1717157720.5918875;WARNING;Heading mismatch between vehicle and track grid, check if vehicle oriented correctly!
1717157720.642505;WARNING;Heading mismatch between vehicle and track grid, check if vehicle oriented correctly!
1717157720.691555;WARNING;Heading mismatch between vehicle and track grid, check if vehicle oriented correctly!
1717157720.7426686;WARNING;Heading mismatch between vehicle and track grid, check if vehicle oriented correctly!
1717157720.7926157;WARNING;Heading mismatch between vehicle and track grid, check if vehicle oriented correctly!
1717157720.8422735;WARNING;Heading mismatch between vehicle and track grid, check if vehicle oriented correctly!
1717157720.8927357;WARNING;Heading mismatch between vehicle and track grid, check if vehicle oriented correctly!
1717157720.9426477;WARNING;Heading mismatch between vehicle and track grid, check if vehicle oriented correctly!
1717157720.9916892;WARNING;Heading mismatch between vehicle and track grid, check if vehicle oriented correctly!
1717157721.0426402;WARNING;Heading mismatch between vehicle and track grid, check if vehicle oriented correctly!
1717157721.0919168;WARNING;Heading mismatch between vehicle and track grid, check if vehicle oriented correctly!
1717157721.142654;WARNING;Heading mismatch between vehicle and track grid, check if vehicle oriented correctly!
1717157721.1913717;WARNING;Heading mismatch between vehicle and track grid, check if vehicle oriented correctly!
1717157721.2423851;WARNING;Heading mismatch between vehicle and track grid, check if vehicle oriented correctly!
1717157721.2914565;WARNING;Heading mismatch between vehicle and track grid, check if vehicle oriented correctly!
1717157721.3426056;WARNING;Heading mismatch between vehicle and track grid, check if vehicle oriented correctly!
1717157721.3926148;WARNING;Heading mismatch between vehicle and track grid, check if vehicle oriented correctly!
1717157721.4423883;WARNING;Heading mismatch between vehicle and track grid, check if vehicle oriented correctly!
1717157721.4914823;WARNING;Heading mismatch between vehicle and track grid, check if vehicle oriented correctly!
1717157721.542844;WARNING;Heading mismatch between vehicle and track grid, check if vehicle oriented correctly!
1717157721.5918076;WARNING;Heading mismatch between vehicle and track grid, check if vehicle oriented correctly!
1717157721.6434536;WARNING;Heading mismatch between vehicle and track grid, check if vehicle oriented correctly!
1717157721.6913247;WARNING;Heading mismatch between vehicle and track grid, check if vehicle oriented correctly!
1717157721.7428453;WARNING;Heading mismatch between vehicle and track grid, check if vehicle oriented correctly!
1717157721.7914426;WARNING;Heading mismatch between vehicle and track grid, check if vehicle oriented correctly!
1717157721.8428183;WARNING;Heading mismatch between vehicle and track grid, check if vehicle oriented correctly!
1717157721.892281;WARNING;Heading mismatch between vehicle and track grid, check if vehicle oriented correctly!
1717157721.9426463;WARNING;Heading mismatch between vehicle and track grid, check if vehicle oriented correctly!
1717157721.9917083;WARNING;Heading mismatch between vehicle and track grid, check if vehicle oriented correctly!
1717157722.0426407;WARNING;Heading mismatch between vehicle and track grid, check if vehicle oriented correctly!
1717157722.0920854;WARNING;Heading mismatch between vehicle and track grid, check if vehicle oriented correctly!
1717157722.1434138;WARNING;Heading mismatch between vehicle and track grid, check if vehicle oriented correctly!
1717157722.191725;WARNING;Heading mismatch between vehicle and track grid, check if vehicle oriented correctly!
1717157722.242909;WARNING;Heading mismatch between vehicle and track grid, check if vehicle oriented correctly!
1717157722.2917223;WARNING;Heading mismatch between vehicle and track grid, check if vehicle oriented correctly!
1717157722.3426325;WARNING;Heading mismatch between vehicle and track grid, check if vehicle oriented correctly!
1717157722.3917358;WARNING;Heading mismatch between vehicle and track grid, check if vehicle oriented correctly!
1717157722.4422412;WARNING;Heading mismatch between vehicle and track grid, check if vehicle oriented correctly!
1717157722.4915822;WARNING;Heading mismatch between vehicle and track grid, check if vehicle oriented correctly!
1717157722.5424356;WARNING;Heading mismatch between vehicle and track grid, check if vehicle oriented correctly!
1717157722.5912888;WARNING;Heading mismatch between vehicle and track grid, check if vehicle oriented correctly!
1717157722.642276;WARNING;Heading mismatch between vehicle and track grid, check if vehicle oriented correctly!
1717157722.691274;WARNING;Heading mismatch between vehicle and track grid, check if vehicle oriented correctly!
1717157722.7424278;WARNING;Heading mismatch between vehicle and track grid, check if vehicle oriented correctly!
1717157722.7916648;WARNING;Heading mismatch between vehicle and track grid, check if vehicle oriented correctly!
1717157722.8422937;WARNING;Heading mismatch between vehicle and track grid, check if vehicle oriented correctly!
1717157722.8913054;WARNING;Heading mismatch between vehicle and track grid, check if vehicle oriented correctly!
1717157722.9425066;WARNING;Heading mismatch between vehicle and track grid, check if vehicle oriented correctly!
1717157722.9913309;WARNING;Heading mismatch between vehicle and track grid, check if vehicle oriented correctly!
1717157723.0439682;WARNING;Heading mismatch between vehicle and track grid, check if vehicle oriented correctly!
1717157723.092917;WARNING;Heading mismatch between vehicle and track grid, check if vehicle oriented correctly!
1717157723.1438334;WARNING;Heading mismatch between vehicle and track grid, check if vehicle oriented correctly!
1717157723.1929247;WARNING;Heading mismatch between vehicle and track grid, check if vehicle oriented correctly!
1717157723.2440248;WARNING;Heading mismatch between vehicle and track grid, check if vehicle oriented correctly!
1717157723.2928486;WARNING;Heading mismatch between vehicle and track grid, check if vehicle oriented correctly!
1717157723.3441138;WARNING;Heading mismatch between vehicle and track grid, check if vehicle oriented correctly!
1717157723.3929138;WARNING;Heading mismatch between vehicle and track grid, check if vehicle oriented correctly!
1717157723.4438553;WARNING;Heading mismatch between vehicle and track grid, check if vehicle oriented correctly!
1717157723.4928968;WARNING;Heading mismatch between vehicle and track grid, check if vehicle oriented correctly!
1717157723.5439353;WARNING;Heading mismatch between vehicle and track grid, check if vehicle oriented correctly!
1717157723.5929458;WARNING;Heading mismatch between vehicle and track grid, check if vehicle oriented correctly!
1717157723.6439378;WARNING;Heading mismatch between vehicle and track grid, check if vehicle oriented correctly!
1717157723.6928396;WARNING;Heading mismatch between vehicle and track grid, check if vehicle oriented correctly!
1717157723.7424583;WARNING;Heading mismatch between vehicle and track grid, check if vehicle oriented correctly!
1717157723.791663;WARNING;Heading mismatch between vehicle and track grid, check if vehicle oriented correctly!
1717157723.8429039;WARNING;Heading mismatch between vehicle and track grid, check if vehicle oriented correctly!
1717157723.8916702;WARNING;Heading mismatch between vehicle and track grid, check if vehicle oriented correctly!
1717157723.942472;WARNING;Heading mismatch between vehicle and track grid, check if vehicle oriented correctly!
1717157723.9912982;WARNING;Heading mismatch between vehicle and track grid, check if vehicle oriented correctly!
1717157724.0423307;WARNING;Heading mismatch between vehicle and track grid, check if vehicle oriented correctly!
1717157724.091579;WARNING;Heading mismatch between vehicle and track grid, check if vehicle oriented correctly!
1717157724.1426435;WARNING;Heading mismatch between vehicle and track grid, check if vehicle oriented correctly!
1717157724.191364;WARNING;Heading mismatch between vehicle and track grid, check if vehicle oriented correctly!
1717157724.2426827;WARNING;Heading mismatch between vehicle and track grid, check if vehicle oriented correctly!
1717157724.2912788;WARNING;Heading mismatch between vehicle and track grid, check if vehicle oriented correctly!
1717157724.343334;WARNING;Heading mismatch between vehicle and track grid, check if vehicle oriented correctly!
1717157724.3924081;WARNING;Heading mismatch between vehicle and track grid, check if vehicle oriented correctly!
1717157724.4424787;WARNING;Heading mismatch between vehicle and track grid, check if vehicle oriented correctly!
1717157724.491484;WARNING;Heading mismatch between vehicle and track grid, check if vehicle oriented correctly!
1717157724.5442526;WARNING;Heading mismatch between vehicle and track grid, check if vehicle oriented correctly!
1717157724.591482;WARNING;Heading mismatch between vehicle and track grid, check if vehicle oriented correctly!
1717157724.6425796;WARNING;Heading mismatch between vehicle and track grid, check if vehicle oriented correctly!
1717157724.6915271;WARNING;Heading mismatch between vehicle and track grid, check if vehicle oriented correctly!
1717157724.7433233;WARNING;Heading mismatch between vehicle and track grid, check if vehicle oriented correctly!
1717157724.791518;WARNING;Heading mismatch between vehicle and track grid, check if vehicle oriented correctly!
1717157724.8425548;WARNING;Heading mismatch between vehicle and track grid, check if vehicle oriented correctly!
1717157724.891398;WARNING;Heading mismatch between vehicle and track grid, check if vehicle oriented correctly!
1717157724.9423058;WARNING;Heading mismatch between vehicle and track grid, check if vehicle oriented correctly!
1717157724.9917097;WARNING;Heading mismatch between vehicle and track grid, check if vehicle oriented correctly!
1717157725.0427172;WARNING;Heading mismatch between vehicle and track grid, check if vehicle oriented correctly!
1717157725.091524;WARNING;Heading mismatch between vehicle and track grid, check if vehicle oriented correctly!
1717157725.1428797;WARNING;Heading mismatch between vehicle and track grid, check if vehicle oriented correctly!
1717157725.1914914;WARNING;Heading mismatch between vehicle and track grid, check if vehicle oriented correctly!
1717157725.2426863;WARNING;Heading mismatch between vehicle and track grid, check if vehicle oriented correctly!
1717157725.2920313;WARNING;Heading mismatch between vehicle and track grid, check if vehicle oriented correctly!
1717157725.3427758;WARNING;Heading mismatch between vehicle and track grid, check if vehicle oriented correctly!
1717157725.3924887;WARNING;Heading mismatch between vehicle and track grid, check if vehicle oriented correctly!
1717157725.4425192;WARNING;Heading mismatch between vehicle and track grid, check if vehicle oriented correctly!
1717157725.4916506;WARNING;Heading mismatch between vehicle and track grid, check if vehicle oriented correctly!
1717157725.542293;WARNING;Heading mismatch between vehicle and track grid, check if vehicle oriented correctly!
1717157725.591612;WARNING;Heading mismatch between vehicle and track grid, check if vehicle oriented correctly!
1717157725.6426528;WARNING;Heading mismatch between vehicle and track grid, check if vehicle oriented correctly!
1717157725.6915681;WARNING;Heading mismatch between vehicle and track grid, check if vehicle oriented correctly!
1717157725.742752;WARNING;Heading mismatch between vehicle and track grid, check if vehicle oriented correctly!
1717157725.7916358;WARNING;Heading mismatch between vehicle and track grid, check if vehicle oriented correctly!
1717157725.8430073;WARNING;Heading mismatch between vehicle and track grid, check if vehicle oriented correctly!
1717157725.8920293;WARNING;Heading mismatch between vehicle and track grid, check if vehicle oriented correctly!
1717157725.9425578;WARNING;Heading mismatch between vehicle and track grid, check if vehicle oriented correctly!
1717157725.9927232;WARNING;Heading mismatch between vehicle and track grid, check if vehicle oriented correctly!
1717157726.043748;WARNING;Heading mismatch between vehicle and track grid, check if vehicle oriented correctly!
1717157726.1237094;WARNING;Heading mismatch between vehicle and track grid, check if vehicle oriented correctly!
1717157726.1425889;WARNING;Heading mismatch between vehicle and track grid, check if vehicle oriented correctly!
1717157726.1914697;WARNING;Heading mismatch between vehicle and track grid, check if vehicle oriented correctly!
1717157726.242901;WARNING;Heading mismatch between vehicle and track grid, check if vehicle oriented correctly!
1717157726.2926278;WARNING;Heading mismatch between vehicle and track grid, check if vehicle oriented correctly!
1717157726.3427556;WARNING;Heading mismatch between vehicle and track grid, check if vehicle oriented correctly!
1717157726.3920386;WARNING;Heading mismatch between vehicle and track grid, check if vehicle oriented correctly!
1717157726.442699;WARNING;Heading mismatch between vehicle and track grid, check if vehicle oriented correctly!
1717157726.491756;WARNING;Heading mismatch between vehicle and track grid, check if vehicle oriented correctly!
1717157726.542781;WARNING;Heading mismatch between vehicle and track grid, check if vehicle oriented correctly!
1717157726.5921226;WARNING;Heading mismatch between vehicle and track grid, check if vehicle oriented correctly!
1717157726.642898;WARNING;Heading mismatch between vehicle and track grid, check if vehicle oriented correctly!
1717157726.6922219;WARNING;Heading mismatch between vehicle and track grid, check if vehicle oriented correctly!
1717157726.74299;WARNING;Heading mismatch between vehicle and track grid, check if vehicle oriented correctly!
1717157726.7914515;WARNING;Heading mismatch between vehicle and track grid, check if vehicle oriented correctly!
1717157726.8429263;WARNING;Heading mismatch between vehicle and track grid, check if vehicle oriented correctly!
1717157726.8918211;WARNING;Heading mismatch between vehicle and track grid, check if vehicle oriented correctly!
1717157726.943052;WARNING;Heading mismatch between vehicle and track grid, check if vehicle oriented correctly!
1717157726.9914863;WARNING;Heading mismatch between vehicle and track grid, check if vehicle oriented correctly!
1717157727.0433164;WARNING;Heading mismatch between vehicle and track grid, check if vehicle oriented correctly!
1717157727.091907;WARNING;Heading mismatch between vehicle and track grid, check if vehicle oriented correctly!
1717157727.1425471;WARNING;Heading mismatch between vehicle and track grid, check if vehicle oriented correctly!
1717157727.1916444;WARNING;Heading mismatch between vehicle and track grid, check if vehicle oriented correctly!
1717157727.243223;WARNING;Heading mismatch between vehicle and track grid, check if vehicle oriented correctly!
1717157727.2930615;WARNING;Heading mismatch between vehicle and track grid, check if vehicle oriented correctly!
1717157727.343186;WARNING;Heading mismatch between vehicle and track grid, check if vehicle oriented correctly!
1717157727.3915563;WARNING;Heading mismatch between vehicle and track grid, check if vehicle oriented correctly!
1717157727.4426925;WARNING;Heading mismatch between vehicle and track grid, check if vehicle oriented correctly!
1717157727.491966;WARNING;Heading mismatch between vehicle and track grid, check if vehicle oriented correctly!
1717157727.5428421;WARNING;Heading mismatch between vehicle and track grid, check if vehicle oriented correctly!
1717157727.5918767;WARNING;Heading mismatch between vehicle and track grid, check if vehicle oriented correctly!
1717157727.6431198;WARNING;Heading mismatch between vehicle and track grid, check if vehicle oriented correctly!
1717157727.6921432;WARNING;Heading mismatch between vehicle and track grid, check if vehicle oriented correctly!
1717157727.7434545;WARNING;Heading mismatch between vehicle and track grid, check if vehicle oriented correctly!
1717157727.7915063;WARNING;Heading mismatch between vehicle and track grid, check if vehicle oriented correctly!
1717157727.8424609;WARNING;Heading mismatch between vehicle and track grid, check if vehicle oriented correctly!
1717157727.892227;WARNING;Heading mismatch between vehicle and track grid, check if vehicle oriented correctly!
1717157727.9428093;WARNING;Heading mismatch between vehicle and track grid, check if vehicle oriented correctly!
1717157727.9914093;WARNING;Heading mismatch between vehicle and track grid, check if vehicle oriented correctly!
1717157728.042735;WARNING;Heading mismatch between vehicle and track grid, check if vehicle oriented correctly!
1717157728.092215;WARNING;Heading mismatch between vehicle and track grid, check if vehicle oriented correctly!
1717157728.1423583;WARNING;Heading mismatch between vehicle and track grid, check if vehicle oriented correctly!
1717157728.1913524;WARNING;Heading mismatch between vehicle and track grid, check if vehicle oriented correctly!
1717157728.2422962;WARNING;Heading mismatch between vehicle and track grid, check if vehicle oriented correctly!
1717157728.2919571;WARNING;Heading mismatch between vehicle and track grid, check if vehicle oriented correctly!
1717157728.3424807;WARNING;Heading mismatch between vehicle and track grid, check if vehicle oriented correctly!
1717157728.3932621;WARNING;Heading mismatch between vehicle and track grid, check if vehicle oriented correctly!
1717157728.442417;WARNING;Heading mismatch between vehicle and track grid, check if vehicle oriented correctly!
1717157728.491581;WARNING;Heading mismatch between vehicle and track grid, check if vehicle oriented correctly!
1717157728.5423687;WARNING;Heading mismatch between vehicle and track grid, check if vehicle oriented correctly!
1717157728.591598;WARNING;Heading mismatch between vehicle and track grid, check if vehicle oriented correctly!
1717157728.6435003;WARNING;Heading mismatch between vehicle and track grid, check if vehicle oriented correctly!
1717157728.692942;WARNING;Heading mismatch between vehicle and track grid, check if vehicle oriented correctly!
1717157728.7436914;WARNING;Heading mismatch between vehicle and track grid, check if vehicle oriented correctly!
1717157728.7913938;WARNING;Heading mismatch between vehicle and track grid, check if vehicle oriented correctly!
1717157728.843484;WARNING;Heading mismatch between vehicle and track grid, check if vehicle oriented correctly!
1717157728.8936393;WARNING;Heading mismatch between vehicle and track grid, check if vehicle oriented correctly!
1717157728.9432328;WARNING;Heading mismatch between vehicle and track grid, check if vehicle oriented correctly!
1717157728.9925098;WARNING;Heading mismatch between vehicle and track grid, check if vehicle oriented correctly!
1717157729.0426273;WARNING;Heading mismatch between vehicle and track grid, check if vehicle oriented correctly!
1717157729.092208;WARNING;Heading mismatch between vehicle and track grid, check if vehicle oriented correctly!
1717157729.1425157;WARNING;Heading mismatch between vehicle and track grid, check if vehicle oriented correctly!
1717157729.1914444;WARNING;Heading mismatch between vehicle and track grid, check if vehicle oriented correctly!
1717157729.242702;WARNING;Heading mismatch between vehicle and track grid, check if vehicle oriented correctly!
1717157729.2915761;WARNING;Heading mismatch between vehicle and track grid, check if vehicle oriented correctly!
1717157729.3440218;WARNING;Heading mismatch between vehicle and track grid, check if vehicle oriented correctly!
1717157729.391747;WARNING;Heading mismatch between vehicle and track grid, check if vehicle oriented correctly!
1717157729.4439726;WARNING;Heading mismatch between vehicle and track grid, check if vehicle oriented correctly!
1717157729.491598;WARNING;Heading mismatch between vehicle and track grid, check if vehicle oriented correctly!
1717157729.5426197;WARNING;Heading mismatch between vehicle and track grid, check if vehicle oriented correctly!
1717157729.5930037;WARNING;Heading mismatch between vehicle and track grid, check if vehicle oriented correctly!
1717157729.6424732;WARNING;Heading mismatch between vehicle and track grid, check if vehicle oriented correctly!
1717157729.7141578;WARNING;Heading mismatch between vehicle and track grid, check if vehicle oriented correctly!
1717157729.7425575;WARNING;Heading mismatch between vehicle and track grid, check if vehicle oriented correctly!
1717157729.793251;WARNING;Heading mismatch between vehicle and track grid, check if vehicle oriented correctly!
1717157729.842976;WARNING;Heading mismatch between vehicle and track grid, check if vehicle oriented correctly!
1717157729.8916605;WARNING;Heading mismatch between vehicle and track grid, check if vehicle oriented correctly!
1717157729.9423976;WARNING;Heading mismatch between vehicle and track grid, check if vehicle oriented correctly!
1717157729.9913807;WARNING;Heading mismatch between vehicle and track grid, check if vehicle oriented correctly!
1717157730.0426025;WARNING;Heading mismatch between vehicle and track grid, check if vehicle oriented correctly!
1717157730.0916622;WARNING;Heading mismatch between vehicle and track grid, check if vehicle oriented correctly!
1717157730.142428;WARNING;Heading mismatch between vehicle and track grid, check if vehicle oriented correctly!
1717157730.1921918;WARNING;Heading mismatch between vehicle and track grid, check if vehicle oriented correctly!
1717157730.2432797;WARNING;Heading mismatch between vehicle and track grid, check if vehicle oriented correctly!
1717157730.292512;WARNING;Heading mismatch between vehicle and track grid, check if vehicle oriented correctly!
1717157730.3424432;WARNING;Heading mismatch between vehicle and track grid, check if vehicle oriented correctly!
1717157730.3923576;WARNING;Heading mismatch between vehicle and track grid, check if vehicle oriented correctly!
1717157730.4424217;WARNING;Heading mismatch between vehicle and track grid, check if vehicle oriented correctly!
1717157730.4915953;WARNING;Heading mismatch between vehicle and track grid, check if vehicle oriented correctly!
1717157730.542373;WARNING;Heading mismatch between vehicle and track grid, check if vehicle oriented correctly!
1717157730.5914931;WARNING;Heading mismatch between vehicle and track grid, check if vehicle oriented correctly!
1717157730.6426158;WARNING;Heading mismatch between vehicle and track grid, check if vehicle oriented correctly!
1717157730.6916418;WARNING;Heading mismatch between vehicle and track grid, check if vehicle oriented correctly!
1717157730.7424693;WARNING;Heading mismatch between vehicle and track grid, check if vehicle oriented correctly!
1717157730.791312;WARNING;Heading mismatch between vehicle and track grid, check if vehicle oriented correctly!
1717157730.8427994;WARNING;Heading mismatch between vehicle and track grid, check if vehicle oriented correctly!
1717157730.8929737;WARNING;Heading mismatch between vehicle and track grid, check if vehicle oriented correctly!
1717157730.9423573;WARNING;Heading mismatch between vehicle and track grid, check if vehicle oriented correctly!
1717157730.9914935;WARNING;Heading mismatch between vehicle and track grid, check if vehicle oriented correctly!
1717157731.0425656;WARNING;Heading mismatch between vehicle and track grid, check if vehicle oriented correctly!
1717157731.0916696;WARNING;Heading mismatch between vehicle and track grid, check if vehicle oriented correctly!
1717157731.1423862;WARNING;Heading mismatch between vehicle and track grid, check if vehicle oriented correctly!
1717157731.191303;WARNING;Heading mismatch between vehicle and track grid, check if vehicle oriented correctly!
1717157731.2431931;WARNING;Heading mismatch between vehicle and track grid, check if vehicle oriented correctly!
1717157731.291633;WARNING;Heading mismatch between vehicle and track grid, check if vehicle oriented correctly!
1717157731.3427641;WARNING;Heading mismatch between vehicle and track grid, check if vehicle oriented correctly!
1717157731.3930736;WARNING;Heading mismatch between vehicle and track grid, check if vehicle oriented correctly!
1717157731.4433088;WARNING;Heading mismatch between vehicle and track grid, check if vehicle oriented correctly!
1717157731.4929736;WARNING;Heading mismatch between vehicle and track grid, check if vehicle oriented correctly!
1717157731.5425656;WARNING;Heading mismatch between vehicle and track grid, check if vehicle oriented correctly!
1717157731.591315;WARNING;Heading mismatch between vehicle and track grid, check if vehicle oriented correctly!
1717157731.6424618;WARNING;Heading mismatch between vehicle and track grid, check if vehicle oriented correctly!
1717157731.691926;WARNING;Heading mismatch between vehicle and track grid, check if vehicle oriented correctly!
1717157731.7426817;WARNING;Heading mismatch between vehicle and track grid, check if vehicle oriented correctly!
1717157731.7917542;WARNING;Heading mismatch between vehicle and track grid, check if vehicle oriented correctly!
1717157731.8424816;WARNING;Heading mismatch between vehicle and track grid, check if vehicle oriented correctly!
1717157731.8917942;WARNING;Heading mismatch between vehicle and track grid, check if vehicle oriented correctly!
1717157731.9431674;WARNING;Heading mismatch between vehicle and track grid, check if vehicle oriented correctly!
1717157731.991342;WARNING;Heading mismatch between vehicle and track grid, check if vehicle oriented correctly!
1717157732.0427027;WARNING;Heading mismatch between vehicle and track grid, check if vehicle oriented correctly!
1717157732.0915892;WARNING;Heading mismatch between vehicle and track grid, check if vehicle oriented correctly!
1717157732.166949;WARNING;Heading mismatch between vehicle and track grid, check if vehicle oriented correctly!
1717157732.19244;WARNING;Heading mismatch between vehicle and track grid, check if vehicle oriented correctly!
1717157732.2430172;WARNING;Heading mismatch between vehicle and track grid, check if vehicle oriented correctly!
1717157732.2913437;WARNING;Heading mismatch between vehicle and track grid, check if vehicle oriented correctly!
1717157732.3440468;WARNING;Heading mismatch between vehicle and track grid, check if vehicle oriented correctly!
1717157732.3923314;WARNING;Heading mismatch between vehicle and track grid, check if vehicle oriented correctly!
1717157732.4441185;WARNING;Heading mismatch between vehicle and track grid, check if vehicle oriented correctly!
1717157732.492462;WARNING;Heading mismatch between vehicle and track grid, check if vehicle oriented correctly!
1717157732.544337;WARNING;Heading mismatch between vehicle and track grid, check if vehicle oriented correctly!
1717157732.5913575;WARNING;Heading mismatch between vehicle and track grid, check if vehicle oriented correctly!
1717157732.6426022;WARNING;Heading mismatch between vehicle and track grid, check if vehicle oriented correctly!
1717157732.6913955;WARNING;Heading mismatch between vehicle and track grid, check if vehicle oriented correctly!
1717157732.744072;WARNING;Heading mismatch between vehicle and track grid, check if vehicle oriented correctly!
1717157732.7933629;WARNING;Heading mismatch between vehicle and track grid, check if vehicle oriented correctly!
1717157732.842737;WARNING;Heading mismatch between vehicle and track grid, check if vehicle oriented correctly!
1717157732.8918502;WARNING;Heading mismatch between vehicle and track grid, check if vehicle oriented correctly!
1717157732.9429712;WARNING;Heading mismatch between vehicle and track grid, check if vehicle oriented correctly!
1717157732.991994;WARNING;Heading mismatch between vehicle and track grid, check if vehicle oriented correctly!
1717157733.0426297;WARNING;Heading mismatch between vehicle and track grid, check if vehicle oriented correctly!
1717157733.0914865;WARNING;Heading mismatch between vehicle and track grid, check if vehicle oriented correctly!
1717157733.1431193;WARNING;Heading mismatch between vehicle and track grid, check if vehicle oriented correctly!
1717157733.1914628;WARNING;Heading mismatch between vehicle and track grid, check if vehicle oriented correctly!
1717157733.2428498;WARNING;Heading mismatch between vehicle and track grid, check if vehicle oriented correctly!
1717157733.2926838;WARNING;Heading mismatch between vehicle and track grid, check if vehicle oriented correctly!
1717157733.3430586;WARNING;Heading mismatch between vehicle and track grid, check if vehicle oriented correctly!
1717157733.3914611;WARNING;Heading mismatch between vehicle and track grid, check if vehicle oriented correctly!
1717157733.442925;WARNING;Heading mismatch between vehicle and track grid, check if vehicle oriented correctly!
1717157733.4917912;WARNING;Heading mismatch between vehicle and track grid, check if vehicle oriented correctly!
1717157733.5427577;WARNING;Heading mismatch between vehicle and track grid, check if vehicle oriented correctly!
1717157733.5921052;WARNING;Heading mismatch between vehicle and track grid, check if vehicle oriented correctly!
1717157733.643951;WARNING;Heading mismatch between vehicle and track grid, check if vehicle oriented correctly!
1717157733.6920927;WARNING;Heading mismatch between vehicle and track grid, check if vehicle oriented correctly!
1717157733.7430394;WARNING;Heading mismatch between vehicle and track grid, check if vehicle oriented correctly!
1717157733.7917614;WARNING;Heading mismatch between vehicle and track grid, check if vehicle oriented correctly!
1717157733.844075;WARNING;Heading mismatch between vehicle and track grid, check if vehicle oriented correctly!
1717157733.891928;WARNING;Heading mismatch between vehicle and track grid, check if vehicle oriented correctly!
1717157733.9440508;WARNING;Heading mismatch between vehicle and track grid, check if vehicle oriented correctly!
1717157733.9932032;WARNING;Heading mismatch between vehicle and track grid, check if vehicle oriented correctly!
1717157734.0440903;WARNING;Heading mismatch between vehicle and track grid, check if vehicle oriented correctly!
1717157734.0917532;WARNING;Heading mismatch between vehicle and track grid, check if vehicle oriented correctly!
1717157734.1423209;WARNING;Heading mismatch between vehicle and track grid, check if vehicle oriented correctly!
1717157734.1913445;WARNING;Heading mismatch between vehicle and track grid, check if vehicle oriented correctly!
1717157734.2424269;WARNING;Heading mismatch between vehicle and track grid, check if vehicle oriented correctly!
1717157734.2914467;WARNING;Heading mismatch between vehicle and track grid, check if vehicle oriented correctly!
1717157734.3423386;WARNING;Heading mismatch between vehicle and track grid, check if vehicle oriented correctly!
1717157734.3930507;WARNING;Heading mismatch between vehicle and track grid, check if vehicle oriented correctly!
1717157734.442925;WARNING;Heading mismatch between vehicle and track grid, check if vehicle oriented correctly!
1717157734.4918237;WARNING;Heading mismatch between vehicle and track grid, check if vehicle oriented correctly!
1717157734.5424757;WARNING;Heading mismatch between vehicle and track grid, check if vehicle oriented correctly!
1717157734.5915768;WARNING;Heading mismatch between vehicle and track grid, check if vehicle oriented correctly!
1717157734.64251;WARNING;Heading mismatch between vehicle and track grid, check if vehicle oriented correctly!
1717157734.691553;WARNING;Heading mismatch between vehicle and track grid, check if vehicle oriented correctly!
1717157734.742848;WARNING;Heading mismatch between vehicle and track grid, check if vehicle oriented correctly!
1717157734.7918022;WARNING;Heading mismatch between vehicle and track grid, check if vehicle oriented correctly!
1717157734.843612;WARNING;Heading mismatch between vehicle and track grid, check if vehicle oriented correctly!
1717157734.8923583;WARNING;Heading mismatch between vehicle and track grid, check if vehicle oriented correctly!
1717157734.942507;WARNING;Heading mismatch between vehicle and track grid, check if vehicle oriented correctly!
1717157734.9913545;WARNING;Heading mismatch between vehicle and track grid, check if vehicle oriented correctly!
1717157735.0426722;WARNING;Heading mismatch between vehicle and track grid, check if vehicle oriented correctly!
1717157735.0917423;WARNING;Heading mismatch between vehicle and track grid, check if vehicle oriented correctly!
1717157735.1427045;WARNING;Heading mismatch between vehicle and track grid, check if vehicle oriented correctly!
1717157735.1918247;WARNING;Heading mismatch between vehicle and track grid, check if vehicle oriented correctly!
1717157735.242769;WARNING;Heading mismatch between vehicle and track grid, check if vehicle oriented correctly!
1717157735.2913547;WARNING;Heading mismatch between vehicle and track grid, check if vehicle oriented correctly!
1717157735.3429255;WARNING;Heading mismatch between vehicle and track grid, check if vehicle oriented correctly!
1717157735.3913803;WARNING;Heading mismatch between vehicle and track grid, check if vehicle oriented correctly!
1717157735.4425187;WARNING;Heading mismatch between vehicle and track grid, check if vehicle oriented correctly!
1717157735.4919357;WARNING;Heading mismatch between vehicle and track grid, check if vehicle oriented correctly!
1717157735.5441742;WARNING;Heading mismatch between vehicle and track grid, check if vehicle oriented correctly!
1717157735.5914345;WARNING;Heading mismatch between vehicle and track grid, check if vehicle oriented correctly!
1717157735.642588;WARNING;Heading mismatch between vehicle and track grid, check if vehicle oriented correctly!
1717157735.6913903;WARNING;Heading mismatch between vehicle and track grid, check if vehicle oriented correctly!
1717157735.7429647;WARNING;Heading mismatch between vehicle and track grid, check if vehicle oriented correctly!
1717157735.7913613;WARNING;Heading mismatch between vehicle and track grid, check if vehicle oriented correctly!
1717157735.8431616;WARNING;Heading mismatch between vehicle and track grid, check if vehicle oriented correctly!
1717157735.8916168;WARNING;Heading mismatch between vehicle and track grid, check if vehicle oriented correctly!
1717157735.9428294;WARNING;Heading mismatch between vehicle and track grid, check if vehicle oriented correctly!
1717157735.991482;WARNING;Heading mismatch between vehicle and track grid, check if vehicle oriented correctly!
1717157736.0426733;WARNING;Heading mismatch between vehicle and track grid, check if vehicle oriented correctly!
1717157736.0917811;WARNING;Heading mismatch between vehicle and track grid, check if vehicle oriented correctly!
1717157736.142921;WARNING;Heading mismatch between vehicle and track grid, check if vehicle oriented correctly!
1717157736.1918185;WARNING;Heading mismatch between vehicle and track grid, check if vehicle oriented correctly!
1717157736.2429824;WARNING;Heading mismatch between vehicle and track grid, check if vehicle oriented correctly!
1717157736.2914443;WARNING;Heading mismatch between vehicle and track grid, check if vehicle oriented correctly!
1717157736.3434112;WARNING;Heading mismatch between vehicle and track grid, check if vehicle oriented correctly!
1717157736.3927433;WARNING;Heading mismatch between vehicle and track grid, check if vehicle oriented correctly!
1717157736.4427364;WARNING;Heading mismatch between vehicle and track grid, check if vehicle oriented correctly!
1717157736.4913433;WARNING;Heading mismatch between vehicle and track grid, check if vehicle oriented correctly!
1717157736.5428872;WARNING;Heading mismatch between vehicle and track grid, check if vehicle oriented correctly!
1717157736.5925322;WARNING;Heading mismatch between vehicle and track grid, check if vehicle oriented correctly!
1717157736.6433215;WARNING;Heading mismatch between vehicle and track grid, check if vehicle oriented correctly!
1717157736.691363;WARNING;Heading mismatch between vehicle and track grid, check if vehicle oriented correctly!
1717157736.7427068;WARNING;Heading mismatch between vehicle and track grid, check if vehicle oriented correctly!
1717157736.791432;WARNING;Heading mismatch between vehicle and track grid, check if vehicle oriented correctly!
1717157736.8424194;WARNING;Heading mismatch between vehicle and track grid, check if vehicle oriented correctly!
1717157736.8915453;WARNING;Heading mismatch between vehicle and track grid, check if vehicle oriented correctly!
1717157736.9428813;WARNING;Heading mismatch between vehicle and track grid, check if vehicle oriented correctly!
1717157736.9922225;WARNING;Heading mismatch between vehicle and track grid, check if vehicle oriented correctly!
1717157737.0429082;WARNING;Heading mismatch between vehicle and track grid, check if vehicle oriented correctly!
1717157737.0914993;WARNING;Heading mismatch between vehicle and track grid, check if vehicle oriented correctly!
1717157737.1425753;WARNING;Heading mismatch between vehicle and track grid, check if vehicle oriented correctly!
1717157737.1919112;WARNING;Heading mismatch between vehicle and track grid, check if vehicle oriented correctly!
1717157737.242939;WARNING;Heading mismatch between vehicle and track grid, check if vehicle oriented correctly!
1717157737.291621;WARNING;Heading mismatch between vehicle and track grid, check if vehicle oriented correctly!
1717157737.3441765;WARNING;Heading mismatch between vehicle and track grid, check if vehicle oriented correctly!
1717157737.3919368;WARNING;Heading mismatch between vehicle and track grid, check if vehicle oriented correctly!
1717157737.4426036;WARNING;Heading mismatch between vehicle and track grid, check if vehicle oriented correctly!
1717157737.4927244;WARNING;Heading mismatch between vehicle and track grid, check if vehicle oriented correctly!
1717157737.5436094;WARNING;Heading mismatch between vehicle and track grid, check if vehicle oriented correctly!
1717157737.5918982;WARNING;Heading mismatch between vehicle and track grid, check if vehicle oriented correctly!
1717157737.6434603;WARNING;Heading mismatch between vehicle and track grid, check if vehicle oriented correctly!
1717157737.6920266;WARNING;Heading mismatch between vehicle and track grid, check if vehicle oriented correctly!
1717157737.742551;WARNING;Heading mismatch between vehicle and track grid, check if vehicle oriented correctly!
1717157737.7928944;WARNING;Heading mismatch between vehicle and track grid, check if vehicle oriented correctly!
1717157737.8432832;WARNING;Heading mismatch between vehicle and track grid, check if vehicle oriented correctly!
1717157737.8925576;WARNING;Heading mismatch between vehicle and track grid, check if vehicle oriented correctly!
1717157737.9429288;WARNING;Heading mismatch between vehicle and track grid, check if vehicle oriented correctly!
1717157737.9932394;WARNING;Heading mismatch between vehicle and track grid, check if vehicle oriented correctly!
1717157738.0431786;WARNING;Heading mismatch between vehicle and track grid, check if vehicle oriented correctly!
1717157738.091539;WARNING;Heading mismatch between vehicle and track grid, check if vehicle oriented correctly!
1717157738.1429677;WARNING;Heading mismatch between vehicle and track grid, check if vehicle oriented correctly!
1717157738.191486;WARNING;Heading mismatch between vehicle and track grid, check if vehicle oriented correctly!
1717157738.244134;WARNING;Heading mismatch between vehicle and track grid, check if vehicle oriented correctly!
1717157738.2920642;WARNING;Heading mismatch between vehicle and track grid, check if vehicle oriented correctly!
1717157738.3437662;WARNING;Heading mismatch between vehicle and track grid, check if vehicle oriented correctly!
1717157738.3924792;WARNING;Heading mismatch between vehicle and track grid, check if vehicle oriented correctly!
1717157738.4464056;WARNING;Heading mismatch between vehicle and track grid, check if vehicle oriented correctly!
1717157738.4937196;WARNING;Heading mismatch between vehicle and track grid, check if vehicle oriented correctly!
1717157738.5432553;WARNING;Heading mismatch between vehicle and track grid, check if vehicle oriented correctly!
1717157738.5916967;WARNING;Heading mismatch between vehicle and track grid, check if vehicle oriented correctly!
1717157738.64244;WARNING;Heading mismatch between vehicle and track grid, check if vehicle oriented correctly!
1717157738.6932847;WARNING;Heading mismatch between vehicle and track grid, check if vehicle oriented correctly!
1717157738.7425184;WARNING;Heading mismatch between vehicle and track grid, check if vehicle oriented correctly!
1717157738.7920926;WARNING;Heading mismatch between vehicle and track grid, check if vehicle oriented correctly!
1717157738.8432088;WARNING;Heading mismatch between vehicle and track grid, check if vehicle oriented correctly!
1717157738.8918006;WARNING;Heading mismatch between vehicle and track grid, check if vehicle oriented correctly!
1717157738.9681556;WARNING;Heading mismatch between vehicle and track grid, check if vehicle oriented correctly!
1717157738.9918063;WARNING;Heading mismatch between vehicle and track grid, check if vehicle oriented correctly!
1717157739.0427012;WARNING;Heading mismatch between vehicle and track grid, check if vehicle oriented correctly!
1717157739.0917714;WARNING;Heading mismatch between vehicle and track grid, check if vehicle oriented correctly!
1717157739.1430788;WARNING;Heading mismatch between vehicle and track grid, check if vehicle oriented correctly!
1717157739.1915438;WARNING;Heading mismatch between vehicle and track grid, check if vehicle oriented correctly!
1717157739.2429545;WARNING;Heading mismatch between vehicle and track grid, check if vehicle oriented correctly!
1717157739.2913938;WARNING;Heading mismatch between vehicle and track grid, check if vehicle oriented correctly!
1717157739.3445816;WARNING;Heading mismatch between vehicle and track grid, check if vehicle oriented correctly!
1717157739.3913994;WARNING;Heading mismatch between vehicle and track grid, check if vehicle oriented correctly!
1717157739.4440005;WARNING;Heading mismatch between vehicle and track grid, check if vehicle oriented correctly!
1717157739.4913874;WARNING;Heading mismatch between vehicle and track grid, check if vehicle oriented correctly!
1717157739.5432537;WARNING;Heading mismatch between vehicle and track grid, check if vehicle oriented correctly!
1717157739.592088;WARNING;Heading mismatch between vehicle and track grid, check if vehicle oriented correctly!
1717157739.6424062;WARNING;Heading mismatch between vehicle and track grid, check if vehicle oriented correctly!
1717157739.6927207;WARNING;Heading mismatch between vehicle and track grid, check if vehicle oriented correctly!
1717157739.7447293;WARNING;Heading mismatch between vehicle and track grid, check if vehicle oriented correctly!
1717157739.7920558;WARNING;Heading mismatch between vehicle and track grid, check if vehicle oriented correctly!
1717157739.8425968;WARNING;Heading mismatch between vehicle and track grid, check if vehicle oriented correctly!
1717157739.893337;WARNING;Heading mismatch between vehicle and track grid, check if vehicle oriented correctly!
1717157739.9428232;WARNING;Heading mismatch between vehicle and track grid, check if vehicle oriented correctly!
1717157739.9915836;WARNING;Heading mismatch between vehicle and track grid, check if vehicle oriented correctly!
1717157740.0428991;WARNING;Heading mismatch between vehicle and track grid, check if vehicle oriented correctly!
1717157740.0914545;WARNING;Heading mismatch between vehicle and track grid, check if vehicle oriented correctly!
1717157740.1427853;WARNING;Heading mismatch between vehicle and track grid, check if vehicle oriented correctly!
1717157740.1926873;WARNING;Heading mismatch between vehicle and track grid, check if vehicle oriented correctly!
1717157740.2425818;WARNING;Heading mismatch between vehicle and track grid, check if vehicle oriented correctly!
1717157740.2922347;WARNING;Heading mismatch between vehicle and track grid, check if vehicle oriented correctly!
1717157740.3437054;WARNING;Heading mismatch between vehicle and track grid, check if vehicle oriented correctly!
1717157740.3926687;WARNING;Heading mismatch between vehicle and track grid, check if vehicle oriented correctly!
1717157740.4424975;WARNING;Heading mismatch between vehicle and track grid, check if vehicle oriented correctly!
1717157740.4918501;WARNING;Heading mismatch between vehicle and track grid, check if vehicle oriented correctly!
1717157740.5425818;WARNING;Heading mismatch between vehicle and track grid, check if vehicle oriented correctly!
1717157740.5913336;WARNING;Heading mismatch between vehicle and track grid, check if vehicle oriented correctly!
1717157740.6434865;WARNING;Heading mismatch between vehicle and track grid, check if vehicle oriented correctly!
1717157740.6915689;WARNING;Heading mismatch between vehicle and track grid, check if vehicle oriented correctly!
1717157740.7435362;WARNING;Heading mismatch between vehicle and track grid, check if vehicle oriented correctly!
1717157740.7915053;WARNING;Heading mismatch between vehicle and track grid, check if vehicle oriented correctly!
1717157740.842788;WARNING;Heading mismatch between vehicle and track grid, check if vehicle oriented correctly!
1717157740.893212;WARNING;Heading mismatch between vehicle and track grid, check if vehicle oriented correctly!
1717157740.9428766;WARNING;Heading mismatch between vehicle and track grid, check if vehicle oriented correctly!
1717157740.992033;WARNING;Heading mismatch between vehicle and track grid, check if vehicle oriented correctly!
1717157741.0427113;WARNING;Heading mismatch between vehicle and track grid, check if vehicle oriented correctly!
1717157741.0915568;WARNING;Heading mismatch between vehicle and track grid, check if vehicle oriented correctly!
1717157741.1431215;WARNING;Heading mismatch between vehicle and track grid, check if vehicle oriented correctly!
1717157741.191653;WARNING;Heading mismatch between vehicle and track grid, check if vehicle oriented correctly!
1717157741.2424304;WARNING;Heading mismatch between vehicle and track grid, check if vehicle oriented correctly!
1717157741.291555;WARNING;Heading mismatch between vehicle and track grid, check if vehicle oriented correctly!
1717157741.3427663;WARNING;Heading mismatch between vehicle and track grid, check if vehicle oriented correctly!
1717157741.3914773;WARNING;Heading mismatch between vehicle and track grid, check if vehicle oriented correctly!
1717157741.4434617;WARNING;Heading mismatch between vehicle and track grid, check if vehicle oriented correctly!
1717157741.4925637;WARNING;Heading mismatch between vehicle and track grid, check if vehicle oriented correctly!
1717157741.5439723;WARNING;Heading mismatch between vehicle and track grid, check if vehicle oriented correctly!
1717157741.5917153;WARNING;Heading mismatch between vehicle and track grid, check if vehicle oriented correctly!
1717157741.6424778;WARNING;Heading mismatch between vehicle and track grid, check if vehicle oriented correctly!
1717157741.692378;WARNING;Heading mismatch between vehicle and track grid, check if vehicle oriented correctly!
1717157741.742706;WARNING;Heading mismatch between vehicle and track grid, check if vehicle oriented correctly!
1717157741.7920682;WARNING;Heading mismatch between vehicle and track grid, check if vehicle oriented correctly!
1717157741.8423653;WARNING;Heading mismatch between vehicle and track grid, check if vehicle oriented correctly!
1717157741.891667;WARNING;Heading mismatch between vehicle and track grid, check if vehicle oriented correctly!
1717157741.9427505;WARNING;Heading mismatch between vehicle and track grid, check if vehicle oriented correctly!
1717157741.9913538;WARNING;Heading mismatch between vehicle and track grid, check if vehicle oriented correctly!
1717157742.042586;WARNING;Heading mismatch between vehicle and track grid, check if vehicle oriented correctly!
1717157742.0912576;WARNING;Heading mismatch between vehicle and track grid, check if vehicle oriented correctly!
1717157742.1428525;WARNING;Heading mismatch between vehicle and track grid, check if vehicle oriented correctly!
1717157742.1913545;WARNING;Heading mismatch between vehicle and track grid, check if vehicle oriented correctly!
1717157742.2429276;WARNING;Heading mismatch between vehicle and track grid, check if vehicle oriented correctly!
1717157742.2914393;WARNING;Heading mismatch between vehicle and track grid, check if vehicle oriented correctly!
1717157742.34336;WARNING;Heading mismatch between vehicle and track grid, check if vehicle oriented correctly!
1717157742.391331;WARNING;Heading mismatch between vehicle and track grid, check if vehicle oriented correctly!
1717157742.4432375;WARNING;Heading mismatch between vehicle and track grid, check if vehicle oriented correctly!
1717157742.4914286;WARNING;Heading mismatch between vehicle and track grid, check if vehicle oriented correctly!
1717157742.567086;WARNING;Heading mismatch between vehicle and track grid, check if vehicle oriented correctly!
1717157742.5929627;WARNING;Heading mismatch between vehicle and track grid, check if vehicle oriented correctly!
1717157742.6428204;WARNING;Heading mismatch between vehicle and track grid, check if vehicle oriented correctly!
1717157742.6913471;WARNING;Heading mismatch between vehicle and track grid, check if vehicle oriented correctly!
1717157742.7427433;WARNING;Heading mismatch between vehicle and track grid, check if vehicle oriented correctly!
1717157742.793112;WARNING;Heading mismatch between vehicle and track grid, check if vehicle oriented correctly!
1717157742.8431149;WARNING;Heading mismatch between vehicle and track grid, check if vehicle oriented correctly!
1717157742.8916013;WARNING;Heading mismatch between vehicle and track grid, check if vehicle oriented correctly!
1717157742.9434266;WARNING;Heading mismatch between vehicle and track grid, check if vehicle oriented correctly!
1717157742.992547;WARNING;Heading mismatch between vehicle and track grid, check if vehicle oriented correctly!
1717157743.0430448;WARNING;Heading mismatch between vehicle and track grid, check if vehicle oriented correctly!
1717157743.092396;WARNING;Heading mismatch between vehicle and track grid, check if vehicle oriented correctly!
1717157743.1435354;WARNING;Heading mismatch between vehicle and track grid, check if vehicle oriented correctly!
1717157743.191745;WARNING;Heading mismatch between vehicle and track grid, check if vehicle oriented correctly!
1717157743.242621;WARNING;Heading mismatch between vehicle and track grid, check if vehicle oriented correctly!
1717157743.292621;WARNING;Heading mismatch between vehicle and track grid, check if vehicle oriented correctly!
1717157743.343564;WARNING;Heading mismatch between vehicle and track grid, check if vehicle oriented correctly!
1717157743.3913617;WARNING;Heading mismatch between vehicle and track grid, check if vehicle oriented correctly!
1717157743.4425173;WARNING;Heading mismatch between vehicle and track grid, check if vehicle oriented correctly!
1717157743.491667;WARNING;Heading mismatch between vehicle and track grid, check if vehicle oriented correctly!
1717157743.54268;WARNING;Heading mismatch between vehicle and track grid, check if vehicle oriented correctly!
1717157743.5913932;WARNING;Heading mismatch between vehicle and track grid, check if vehicle oriented correctly!
1717157743.642336;WARNING;Heading mismatch between vehicle and track grid, check if vehicle oriented correctly!
1717157743.6929572;WARNING;Heading mismatch between vehicle and track grid, check if vehicle oriented correctly!
1717157743.7462237;WARNING;Heading mismatch between vehicle and track grid, check if vehicle oriented correctly!
1717157743.791606;WARNING;Heading mismatch between vehicle and track grid, check if vehicle oriented correctly!
1717157743.8436172;WARNING;Heading mismatch between vehicle and track grid, check if vehicle oriented correctly!
1717157743.8922172;WARNING;Heading mismatch between vehicle and track grid, check if vehicle oriented correctly!
1717157743.9429808;WARNING;Heading mismatch between vehicle and track grid, check if vehicle oriented correctly!
1717157743.993079;WARNING;Heading mismatch between vehicle and track grid, check if vehicle oriented correctly!
1717157744.0427735;WARNING;Heading mismatch between vehicle and track grid, check if vehicle oriented correctly!
1717157744.0915205;WARNING;Heading mismatch between vehicle and track grid, check if vehicle oriented correctly!
1717157744.1427755;WARNING;Heading mismatch between vehicle and track grid, check if vehicle oriented correctly!
1717157744.1917813;WARNING;Heading mismatch between vehicle and track grid, check if vehicle oriented correctly!
1717157744.2430618;WARNING;Heading mismatch between vehicle and track grid, check if vehicle oriented correctly!
1717157744.2936058;WARNING;Heading mismatch between vehicle and track grid, check if vehicle oriented correctly!
1717157744.3435917;WARNING;Heading mismatch between vehicle and track grid, check if vehicle oriented correctly!
1717157744.3930328;WARNING;Heading mismatch between vehicle and track grid, check if vehicle oriented correctly!
1717157744.442642;WARNING;Heading mismatch between vehicle and track grid, check if vehicle oriented correctly!
1717157744.4916904;WARNING;Heading mismatch between vehicle and track grid, check if vehicle oriented correctly!
1717157744.5432928;WARNING;Heading mismatch between vehicle and track grid, check if vehicle oriented correctly!
1717157744.5927176;WARNING;Heading mismatch between vehicle and track grid, check if vehicle oriented correctly!
1717157744.6426647;WARNING;Heading mismatch between vehicle and track grid, check if vehicle oriented correctly!
1717157744.6917;WARNING;Heading mismatch between vehicle and track grid, check if vehicle oriented correctly!
1717157744.7436752;WARNING;Heading mismatch between vehicle and track grid, check if vehicle oriented correctly!
1717157744.7925804;WARNING;Heading mismatch between vehicle and track grid, check if vehicle oriented correctly!
1717157744.843003;WARNING;Heading mismatch between vehicle and track grid, check if vehicle oriented correctly!
1717157744.8925047;WARNING;Heading mismatch between vehicle and track grid, check if vehicle oriented correctly!
1717157744.9430947;WARNING;Heading mismatch between vehicle and track grid, check if vehicle oriented correctly!
1717157745.014757;WARNING;Heading mismatch between vehicle and track grid, check if vehicle oriented correctly!
1717157745.0427973;WARNING;Heading mismatch between vehicle and track grid, check if vehicle oriented correctly!
1717157745.0915046;WARNING;Heading mismatch between vehicle and track grid, check if vehicle oriented correctly!
1717157745.1428308;WARNING;Heading mismatch between vehicle and track grid, check if vehicle oriented correctly!
1717157745.191971;WARNING;Heading mismatch between vehicle and track grid, check if vehicle oriented correctly!
1717157745.2440357;WARNING;Heading mismatch between vehicle and track grid, check if vehicle oriented correctly!
1717157745.2919948;WARNING;Heading mismatch between vehicle and track grid, check if vehicle oriented correctly!
1717157745.3436644;WARNING;Heading mismatch between vehicle and track grid, check if vehicle oriented correctly!
1717157745.3927555;WARNING;Heading mismatch between vehicle and track grid, check if vehicle oriented correctly!
1717157745.4428778;WARNING;Heading mismatch between vehicle and track grid, check if vehicle oriented correctly!
1717157745.4918878;WARNING;Heading mismatch between vehicle and track grid, check if vehicle oriented correctly!
1717157745.5425763;WARNING;Heading mismatch between vehicle and track grid, check if vehicle oriented correctly!
1717157745.591442;WARNING;Heading mismatch between vehicle and track grid, check if vehicle oriented correctly!
1717157745.6424356;WARNING;Heading mismatch between vehicle and track grid, check if vehicle oriented correctly!
1717157745.6916544;WARNING;Heading mismatch between vehicle and track grid, check if vehicle oriented correctly!
1717157745.7426488;WARNING;Heading mismatch between vehicle and track grid, check if vehicle oriented correctly!
1717157745.7932012;WARNING;Heading mismatch between vehicle and track grid, check if vehicle oriented correctly!
1717157745.843638;WARNING;Heading mismatch between vehicle and track grid, check if vehicle oriented correctly!
1717157745.8926249;WARNING;Heading mismatch between vehicle and track grid, check if vehicle oriented correctly!
1717157745.9426346;WARNING;Heading mismatch between vehicle and track grid, check if vehicle oriented correctly!
1717157745.9915917;WARNING;Heading mismatch between vehicle and track grid, check if vehicle oriented correctly!
1717157746.0429504;WARNING;Heading mismatch between vehicle and track grid, check if vehicle oriented correctly!
1717157746.0921667;WARNING;Heading mismatch between vehicle and track grid, check if vehicle oriented correctly!
1717157746.1425302;WARNING;Heading mismatch between vehicle and track grid, check if vehicle oriented correctly!
1717157746.191889;WARNING;Heading mismatch between vehicle and track grid, check if vehicle oriented correctly!
1717157746.242651;WARNING;Heading mismatch between vehicle and track grid, check if vehicle oriented correctly!
1717157746.2918777;WARNING;Heading mismatch between vehicle and track grid, check if vehicle oriented correctly!
1717157746.3427405;WARNING;Heading mismatch between vehicle and track grid, check if vehicle oriented correctly!
1717157746.3926501;WARNING;Heading mismatch between vehicle and track grid, check if vehicle oriented correctly!
1717157746.4424276;WARNING;Heading mismatch between vehicle and track grid, check if vehicle oriented correctly!
1717157746.491866;WARNING;Heading mismatch between vehicle and track grid, check if vehicle oriented correctly!
1717157746.542601;WARNING;Heading mismatch between vehicle and track grid, check if vehicle oriented correctly!
1717157746.5917625;WARNING;Heading mismatch between vehicle and track grid, check if vehicle oriented correctly!
1717157746.6426632;WARNING;Heading mismatch between vehicle and track grid, check if vehicle oriented correctly!
1717157746.6916254;WARNING;Heading mismatch between vehicle and track grid, check if vehicle oriented correctly!
1717157746.7425508;WARNING;Heading mismatch between vehicle and track grid, check if vehicle oriented correctly!
1717157746.7920456;WARNING;Heading mismatch between vehicle and track grid, check if vehicle oriented correctly!
1717157746.8426895;WARNING;Heading mismatch between vehicle and track grid, check if vehicle oriented correctly!
1717157746.8913715;WARNING;Heading mismatch between vehicle and track grid, check if vehicle oriented correctly!
1717157746.9427824;WARNING;Heading mismatch between vehicle and track grid, check if vehicle oriented correctly!
1717157746.9914448;WARNING;Heading mismatch between vehicle and track grid, check if vehicle oriented correctly!
1717157747.0433881;WARNING;Heading mismatch between vehicle and track grid, check if vehicle oriented correctly!
1717157747.0923738;WARNING;Heading mismatch between vehicle and track grid, check if vehicle oriented correctly!
1717157747.1426263;WARNING;Heading mismatch between vehicle and track grid, check if vehicle oriented correctly!
1717157747.1918488;WARNING;Heading mismatch between vehicle and track grid, check if vehicle oriented correctly!
1717157747.242869;WARNING;Heading mismatch between vehicle and track grid, check if vehicle oriented correctly!
1717157747.291741;WARNING;Heading mismatch between vehicle and track grid, check if vehicle oriented correctly!
1717157747.3424969;WARNING;Heading mismatch between vehicle and track grid, check if vehicle oriented correctly!
1717157747.391449;WARNING;Heading mismatch between vehicle and track grid, check if vehicle oriented correctly!
1717157747.4424043;WARNING;Heading mismatch between vehicle and track grid, check if vehicle oriented correctly!
1717157747.4920325;WARNING;Heading mismatch between vehicle and track grid, check if vehicle oriented correctly!
1717157747.542993;WARNING;Heading mismatch between vehicle and track grid, check if vehicle oriented correctly!
1717157747.5913706;WARNING;Heading mismatch between vehicle and track grid, check if vehicle oriented correctly!
1717157747.6428401;WARNING;Heading mismatch between vehicle and track grid, check if vehicle oriented correctly!
1717157747.691993;WARNING;Heading mismatch between vehicle and track grid, check if vehicle oriented correctly!
1717157747.742805;WARNING;Heading mismatch between vehicle and track grid, check if vehicle oriented correctly!
1717157747.7914526;WARNING;Heading mismatch between vehicle and track grid, check if vehicle oriented correctly!
1717157747.8430645;WARNING;Heading mismatch between vehicle and track grid, check if vehicle oriented correctly!
1717157747.8914158;WARNING;Heading mismatch between vehicle and track grid, check if vehicle oriented correctly!
1717157747.9426649;WARNING;Heading mismatch between vehicle and track grid, check if vehicle oriented correctly!
1717157747.9919746;WARNING;Heading mismatch between vehicle and track grid, check if vehicle oriented correctly!
1717157748.0426495;WARNING;Heading mismatch between vehicle and track grid, check if vehicle oriented correctly!
1717157748.0913649;WARNING;Heading mismatch between vehicle and track grid, check if vehicle oriented correctly!
1717157748.143732;WARNING;Heading mismatch between vehicle and track grid, check if vehicle oriented correctly!
1717157748.1916869;WARNING;Heading mismatch between vehicle and track grid, check if vehicle oriented correctly!
1717157748.2432396;WARNING;Heading mismatch between vehicle and track grid, check if vehicle oriented correctly!
1717157748.2914302;WARNING;Heading mismatch between vehicle and track grid, check if vehicle oriented correctly!
1717157748.3429146;WARNING;Heading mismatch between vehicle and track grid, check if vehicle oriented correctly!
1717157748.3920336;WARNING;Heading mismatch between vehicle and track grid, check if vehicle oriented correctly!
1717157748.4429724;WARNING;Heading mismatch between vehicle and track grid, check if vehicle oriented correctly!
1717157748.4915676;WARNING;Heading mismatch between vehicle and track grid, check if vehicle oriented correctly!
1717157748.5437884;WARNING;Heading mismatch between vehicle and track grid, check if vehicle oriented correctly!
1717157748.5927699;WARNING;Heading mismatch between vehicle and track grid, check if vehicle oriented correctly!
1717157748.6433496;WARNING;Heading mismatch between vehicle and track grid, check if vehicle oriented correctly!
1717157748.692501;WARNING;Heading mismatch between vehicle and track grid, check if vehicle oriented correctly!
1717157748.7426083;WARNING;Heading mismatch between vehicle and track grid, check if vehicle oriented correctly!
1717157748.792026;WARNING;Heading mismatch between vehicle and track grid, check if vehicle oriented correctly!
1717157748.8427038;WARNING;Heading mismatch between vehicle and track grid, check if vehicle oriented correctly!
1717157748.891811;WARNING;Heading mismatch between vehicle and track grid, check if vehicle oriented correctly!
1717157748.9425814;WARNING;Heading mismatch between vehicle and track grid, check if vehicle oriented correctly!
1717157748.9913144;WARNING;Heading mismatch between vehicle and track grid, check if vehicle oriented correctly!
1717157749.0427806;WARNING;Heading mismatch between vehicle and track grid, check if vehicle oriented correctly!
1717157749.0915148;WARNING;Heading mismatch between vehicle and track grid, check if vehicle oriented correctly!
1717157749.1440897;WARNING;Heading mismatch between vehicle and track grid, check if vehicle oriented correctly!
1717157749.1915622;WARNING;Heading mismatch between vehicle and track grid, check if vehicle oriented correctly!
1717157749.244105;WARNING;Heading mismatch between vehicle and track grid, check if vehicle oriented correctly!
1717157749.291403;WARNING;Heading mismatch between vehicle and track grid, check if vehicle oriented correctly!
1717157749.3441982;WARNING;Heading mismatch between vehicle and track grid, check if vehicle oriented correctly!
1717157749.3915684;WARNING;Heading mismatch between vehicle and track grid, check if vehicle oriented correctly!
1717157749.444264;WARNING;Heading mismatch between vehicle and track grid, check if vehicle oriented correctly!
1717157749.4913926;WARNING;Heading mismatch between vehicle and track grid, check if vehicle oriented correctly!
1717157749.544397;WARNING;Heading mismatch between vehicle and track grid, check if vehicle oriented correctly!
1717157749.5932302;WARNING;Heading mismatch between vehicle and track grid, check if vehicle oriented correctly!
1717157749.6443007;WARNING;Heading mismatch between vehicle and track grid, check if vehicle oriented correctly!
1717157749.691642;WARNING;Heading mismatch between vehicle and track grid, check if vehicle oriented correctly!
1717157749.7440953;WARNING;Heading mismatch between vehicle and track grid, check if vehicle oriented correctly!
1717157749.7914479;WARNING;Heading mismatch between vehicle and track grid, check if vehicle oriented correctly!
1717157749.844103;WARNING;Heading mismatch between vehicle and track grid, check if vehicle oriented correctly!
1717157749.8914363;WARNING;Heading mismatch between vehicle and track grid, check if vehicle oriented correctly!
1717157749.9440427;WARNING;Heading mismatch between vehicle and track grid, check if vehicle oriented correctly!
1717157749.9928029;WARNING;Heading mismatch between vehicle and track grid, check if vehicle oriented correctly!
1717157750.0444;WARNING;Heading mismatch between vehicle and track grid, check if vehicle oriented correctly!
1717157750.0914195;WARNING;Heading mismatch between vehicle and track grid, check if vehicle oriented correctly!
